{
    "causal_entropy": 0.07892100735840228,
    "integration": 0.29091082447568917,
    "counterfactual": 0.36168008913599764,
    "metacognition": 0.0,
    "veto_efficacy": 0.0,
    "bayesian_precision": 0.07809175541839064,
    "persistence": 0.0014781264423218122,
    "volitional_integrity": 0.18891819716919836,
    "moral_alignment": 0.0,
    "constraint_penalty": 0.0
}