{
    "causal_entropy": 0.0,
    "integration": 0.0,
    "counterfactual": 0.0,
    "metacognition": 0.0,
    "veto_efficacy": 0.17460210800762233,
    "bayesian_precision": 0.0,
    "persistence": 0.4190078850191982,
    "volitional_integrity": 0.0,
    "moral_alignment": 0.0,
    "constraint_penalty": 0.40639000697317945
}