{
  "baseline_weights": [
    0.2,
    0.15,
    0.2,
    0.15,
    0.15,
    0.15,
    0.1
  ],
  "baseline_r2": -3.1214550978945312,
  "optimized_weights": [
    0.7804827336467858,
    8.700722434196172e-18,
    0.06267420839857726,
    0.07411519869462654,
    0.02212341547994945,
    0.002387452948130552,
    0.05821699083193025
  ],
  "optimized_r2": -0.043510826910546495,
  "method": "Bayesian"
}