{
  "baseline_weights": [
    0.2,
    0.15,
    0.2,
    0.15,
    0.15,
    0.15,
    0.1
  ],
  "baseline_r2": -2.8539300172581066,
  "optimized_weights": [
    0.9331721517511296,
    3.289081379089108e-17,
    0.0,
    0.0,
    0.03752089113247664,
    6.45913444258239e-17,
    0.02930695711639353
  ],
  "optimized_r2": -0.15471366075451629,
  "method": "Bayesian"
}