{
    "causal_entropy": 0.06633483726426562,
    "integration": 0.32120149302656165,
    "counterfactual": 0.4340397311729817,
    "metacognition": 0.0,
    "veto_efficacy": 0.0,
    "bayesian_precision": 0.0,
    "persistence": 0.0,
    "volitional_integrity": 0.17842393853619104,
    "moral_alignment": 0.0,
    "constraint_penalty": 0.0
}